{
  "data": {
    "estimated_month": "2025-02",
    "loadings": [
      0.5437349533251057,
      -0.5038386588903236,
      0.5684591655470733,
      -0.35686563780458025
    ],
    "mean": [
      -0.2798902205871076,
      -17.27202701169921,
      0.3257462813480082,
      6.502083333333333
    ],
    "std": [
      1.1780560315701345,
      2.4353203674559096,
      0.5722568205988936,
      2.175989675107966
    ],
    "variance_explained": 0.5214457744380067
  }
}